2018-01-31 19:33:03.220889,891387302781386752,{u'contributors': None, u'truncated': False, u'text': u'Just setting up my Twitter. #myfirstTweet', u'is_quote_status': False, u'in_reply_to_status_id': None, u'id': 958702638308012033, u'favorite_count': 0, u'source': u'<a href="http://twitter.com" rel="nofollow">Twitter Web Client</a>', u'retweeted': False, u'coordinates': None, u'entities': {u'symbols': [], u'user_mentions': [], u'hashtags': [{u'indices': [28, 41], u'text': u'myfirstTweet'}], u'urls': []}, u'in_reply_to_screen_name': None, u'in_reply_to_user_id': None, u'retweet_count': 0, u'id_str': u'958702638308012033', u'favorited': False, u'user': {u'follow_request_sent': False, u'has_extended_profile': False, u'profile_use_background_image': True, u'default_profile_image': True, u'id': 891387302781386752, u'profile_background_image_url_https': None, u'verified': False, u'translator_type': u'none', u'profile_text_color': u'333333', u'profile_image_url_https': u'https://abs.twimg.com/sticky/default_profile_images/default_profile_normal.png', u'profile_sidebar_fill_color': u'DDEEF6', u'entities': {u'description': {u'urls': []}}, u'followers_count': 2, u'profile_sidebar_border_color': u'C0DEED', u'id_str': u'891387302781386752', u'profile_background_color': u'F5F8FA', u'listed_count': 0, u'is_translation_enabled': False, u'utc_offset': None, u'statuses_count': 1, u'description': u'', u'friends_count': 2, u'location': u'', u'profile_link_color': u'1DA1F2', u'profile_image_url': u'http://abs.twimg.com/sticky/default_profile_images/default_profile_normal.png', u'following': False, u'geo_enabled': False, u'profile_background_image_url': None, u'screen_name': u'dinomorea123', u'lang': u'en', u'profile_background_tile': False, u'favourites_count': 0, u'name': u'dinomorea123', u'notifications': False, u'url': None, u'created_at': u'Sat Jul 29 19:57:48 +0000 2017', u'contributors_enabled': False, u'time_zone': None, u'protected': False, u'default_profile': True, u'is_translator': False}, u'geo': None, u'in_reply_to_user_id_str': None, u'lang': u'en', u'created_at': u'Wed Jan 31 14:04:55 +0000 2018', u'in_reply_to_status_id_str': None, u'place': None}

2018-01-31 19:34:03.342971,891387302781386752,{u'contributors': None, u'truncated': False, u'text': u'Just setting up my Twitter. #myfirstTweet', u'is_quote_status': False, u'in_reply_to_status_id': None, u'id': 958702638308012033, u'favorite_count': 0, u'source': u'<a href="http://twitter.com" rel="nofollow">Twitter Web Client</a>', u'retweeted': False, u'coordinates': None, u'entities': {u'symbols': [], u'user_mentions': [], u'hashtags': [{u'indices': [28, 41], u'text': u'myfirstTweet'}], u'urls': []}, u'in_reply_to_screen_name': None, u'in_reply_to_user_id': None, u'retweet_count': 0, u'id_str': u'958702638308012033', u'favorited': False, u'user': {u'follow_request_sent': False, u'has_extended_profile': False, u'profile_use_background_image': True, u'default_profile_image': True, u'id': 891387302781386752, u'profile_background_image_url_https': None, u'verified': False, u'translator_type': u'none', u'profile_text_color': u'333333', u'profile_image_url_https': u'https://abs.twimg.com/sticky/default_profile_images/default_profile_normal.png', u'profile_sidebar_fill_color': u'DDEEF6', u'entities': {u'description': {u'urls': []}}, u'followers_count': 2, u'profile_sidebar_border_color': u'C0DEED', u'id_str': u'891387302781386752', u'profile_background_color': u'F5F8FA', u'listed_count': 0, u'is_translation_enabled': False, u'utc_offset': None, u'statuses_count': 1, u'description': u'', u'friends_count': 2, u'location': u'', u'profile_link_color': u'1DA1F2', u'profile_image_url': u'http://abs.twimg.com/sticky/default_profile_images/default_profile_normal.png', u'following': False, u'geo_enabled': False, u'profile_background_image_url': None, u'screen_name': u'dinomorea123', u'lang': u'en', u'profile_background_tile': False, u'favourites_count': 0, u'name': u'dinomorea123', u'notifications': False, u'url': None, u'created_at': u'Sat Jul 29 19:57:48 +0000 2017', u'contributors_enabled': False, u'time_zone': None, u'protected': False, u'default_profile': True, u'is_translator': False}, u'geo': None, u'in_reply_to_user_id_str': None, u'lang': u'en', u'created_at': u'Wed Jan 31 14:04:55 +0000 2018', u'in_reply_to_status_id_str': None, u'place': None}

2018-01-31 19:35:03.393034,891387302781386752,{u'contributors': None, u'truncated': False, u'text': u'Just setting up my Twitter. #myfirstTweet', u'is_quote_status': False, u'in_reply_to_status_id': None, u'id': 958702638308012033, u'favorite_count': 0, u'source': u'<a href="http://twitter.com" rel="nofollow">Twitter Web Client</a>', u'retweeted': False, u'coordinates': None, u'entities': {u'symbols': [], u'user_mentions': [], u'hashtags': [{u'indices': [28, 41], u'text': u'myfirstTweet'}], u'urls': []}, u'in_reply_to_screen_name': None, u'in_reply_to_user_id': None, u'retweet_count': 0, u'id_str': u'958702638308012033', u'favorited': False, u'user': {u'follow_request_sent': False, u'has_extended_profile': False, u'profile_use_background_image': True, u'default_profile_image': True, u'id': 891387302781386752, u'profile_background_image_url_https': None, u'verified': False, u'translator_type': u'none', u'profile_text_color': u'333333', u'profile_image_url_https': u'https://abs.twimg.com/sticky/default_profile_images/default_profile_normal.png', u'profile_sidebar_fill_color': u'DDEEF6', u'entities': {u'description': {u'urls': []}}, u'followers_count': 2, u'profile_sidebar_border_color': u'C0DEED', u'id_str': u'891387302781386752', u'profile_background_color': u'F5F8FA', u'listed_count': 0, u'is_translation_enabled': False, u'utc_offset': None, u'statuses_count': 1, u'description': u'', u'friends_count': 2, u'location': u'', u'profile_link_color': u'1DA1F2', u'profile_image_url': u'http://abs.twimg.com/sticky/default_profile_images/default_profile_normal.png', u'following': False, u'geo_enabled': False, u'profile_background_image_url': None, u'screen_name': u'dinomorea123', u'lang': u'en', u'profile_background_tile': False, u'favourites_count': 0, u'name': u'dinomorea123', u'notifications': False, u'url': None, u'created_at': u'Sat Jul 29 19:57:48 +0000 2017', u'contributors_enabled': False, u'time_zone': None, u'protected': False, u'default_profile': True, u'is_translator': False}, u'geo': None, u'in_reply_to_user_id_str': None, u'lang': u'en', u'created_at': u'Wed Jan 31 14:04:55 +0000 2018', u'in_reply_to_status_id_str': None, u'place': None}

2018-01-31 19:36:03.801857,891387302781386752,{u'contributors': None, u'truncated': False, u'text': u'Just setting up my Twitter. #myfirstTweet', u'is_quote_status': False, u'in_reply_to_status_id': None, u'id': 958702638308012033, u'favorite_count': 0, u'source': u'<a href="http://twitter.com" rel="nofollow">Twitter Web Client</a>', u'retweeted': False, u'coordinates': None, u'entities': {u'symbols': [], u'user_mentions': [], u'hashtags': [{u'indices': [28, 41], u'text': u'myfirstTweet'}], u'urls': []}, u'in_reply_to_screen_name': None, u'in_reply_to_user_id': None, u'retweet_count': 0, u'id_str': u'958702638308012033', u'favorited': False, u'user': {u'follow_request_sent': False, u'has_extended_profile': False, u'profile_use_background_image': True, u'default_profile_image': True, u'id': 891387302781386752, u'profile_background_image_url_https': None, u'verified': False, u'translator_type': u'none', u'profile_text_color': u'333333', u'profile_image_url_https': u'https://abs.twimg.com/sticky/default_profile_images/default_profile_normal.png', u'profile_sidebar_fill_color': u'DDEEF6', u'entities': {u'description': {u'urls': []}}, u'followers_count': 2, u'profile_sidebar_border_color': u'C0DEED', u'id_str': u'891387302781386752', u'profile_background_color': u'F5F8FA', u'listed_count': 0, u'is_translation_enabled': False, u'utc_offset': None, u'statuses_count': 1, u'description': u'', u'friends_count': 2, u'location': u'', u'profile_link_color': u'1DA1F2', u'profile_image_url': u'http://abs.twimg.com/sticky/default_profile_images/default_profile_normal.png', u'following': False, u'geo_enabled': False, u'profile_background_image_url': None, u'screen_name': u'dinomorea123', u'lang': u'en', u'profile_background_tile': False, u'favourites_count': 0, u'name': u'dinomorea123', u'notifications': False, u'url': None, u'created_at': u'Sat Jul 29 19:57:48 +0000 2017', u'contributors_enabled': False, u'time_zone': None, u'protected': False, u'default_profile': True, u'is_translator': False}, u'geo': None, u'in_reply_to_user_id_str': None, u'lang': u'en', u'created_at': u'Wed Jan 31 14:04:55 +0000 2018', u'in_reply_to_status_id_str': None, u'place': None}

2018-01-31 19:37:03.337290,891387302781386752,{u'contributors': None, u'truncated': False, u'text': u'Just setting up my Twitter. #myfirstTweet', u'is_quote_status': False, u'in_reply_to_status_id': None, u'id': 958702638308012033, u'favorite_count': 0, u'source': u'<a href="http://twitter.com" rel="nofollow">Twitter Web Client</a>', u'retweeted': False, u'coordinates': None, u'entities': {u'symbols': [], u'user_mentions': [], u'hashtags': [{u'indices': [28, 41], u'text': u'myfirstTweet'}], u'urls': []}, u'in_reply_to_screen_name': None, u'in_reply_to_user_id': None, u'retweet_count': 0, u'id_str': u'958702638308012033', u'favorited': False, u'user': {u'follow_request_sent': False, u'has_extended_profile': False, u'profile_use_background_image': True, u'default_profile_image': True, u'id': 891387302781386752, u'profile_background_image_url_https': None, u'verified': False, u'translator_type': u'none', u'profile_text_color': u'333333', u'profile_image_url_https': u'https://abs.twimg.com/sticky/default_profile_images/default_profile_normal.png', u'profile_sidebar_fill_color': u'DDEEF6', u'entities': {u'description': {u'urls': []}}, u'followers_count': 2, u'profile_sidebar_border_color': u'C0DEED', u'id_str': u'891387302781386752', u'profile_background_color': u'F5F8FA', u'listed_count': 0, u'is_translation_enabled': False, u'utc_offset': None, u'statuses_count': 1, u'description': u'', u'friends_count': 2, u'location': u'', u'profile_link_color': u'1DA1F2', u'profile_image_url': u'http://abs.twimg.com/sticky/default_profile_images/default_profile_normal.png', u'following': False, u'geo_enabled': False, u'profile_background_image_url': None, u'screen_name': u'dinomorea123', u'lang': u'en', u'profile_background_tile': False, u'favourites_count': 0, u'name': u'dinomorea123', u'notifications': False, u'url': None, u'created_at': u'Sat Jul 29 19:57:48 +0000 2017', u'contributors_enabled': False, u'time_zone': None, u'protected': False, u'default_profile': True, u'is_translator': False}, u'geo': None, u'in_reply_to_user_id_str': None, u'lang': u'en', u'created_at': u'Wed Jan 31 14:04:55 +0000 2018', u'in_reply_to_status_id_str': None, u'place': None}

2018-01-31 19:38:03.715138,891387302781386752,{u'contributors': None, u'truncated': False, u'text': u'Just setting up my Twitter. #myfirstTweet', u'is_quote_status': False, u'in_reply_to_status_id': None, u'id': 958702638308012033, u'favorite_count': 0, u'source': u'<a href="http://twitter.com" rel="nofollow">Twitter Web Client</a>', u'retweeted': False, u'coordinates': None, u'entities': {u'symbols': [], u'user_mentions': [], u'hashtags': [{u'indices': [28, 41], u'text': u'myfirstTweet'}], u'urls': []}, u'in_reply_to_screen_name': None, u'in_reply_to_user_id': None, u'retweet_count': 0, u'id_str': u'958702638308012033', u'favorited': False, u'user': {u'follow_request_sent': False, u'has_extended_profile': False, u'profile_use_background_image': True, u'default_profile_image': True, u'id': 891387302781386752, u'profile_background_image_url_https': None, u'verified': False, u'translator_type': u'none', u'profile_text_color': u'333333', u'profile_image_url_https': u'https://abs.twimg.com/sticky/default_profile_images/default_profile_normal.png', u'profile_sidebar_fill_color': u'DDEEF6', u'entities': {u'description': {u'urls': []}}, u'followers_count': 2, u'profile_sidebar_border_color': u'C0DEED', u'id_str': u'891387302781386752', u'profile_background_color': u'F5F8FA', u'listed_count': 0, u'is_translation_enabled': False, u'utc_offset': None, u'statuses_count': 1, u'description': u'', u'friends_count': 2, u'location': u'', u'profile_link_color': u'1DA1F2', u'profile_image_url': u'http://abs.twimg.com/sticky/default_profile_images/default_profile_normal.png', u'following': False, u'geo_enabled': False, u'profile_background_image_url': None, u'screen_name': u'dinomorea123', u'lang': u'en', u'profile_background_tile': False, u'favourites_count': 0, u'name': u'dinomorea123', u'notifications': False, u'url': None, u'created_at': u'Sat Jul 29 19:57:48 +0000 2017', u'contributors_enabled': False, u'time_zone': None, u'protected': False, u'default_profile': True, u'is_translator': False}, u'geo': None, u'in_reply_to_user_id_str': None, u'lang': u'en', u'created_at': u'Wed Jan 31 14:04:55 +0000 2018', u'in_reply_to_status_id_str': None, u'place': None}

2018-01-31 19:39:04.925425,891387302781386752,{u'contributors': None, u'truncated': False, u'text': u'Just setting up my Twitter. #myfirstTweet', u'is_quote_status': False, u'in_reply_to_status_id': None, u'id': 958702638308012033, u'favorite_count': 0, u'source': u'<a href="http://twitter.com" rel="nofollow">Twitter Web Client</a>', u'retweeted': False, u'coordinates': None, u'entities': {u'symbols': [], u'user_mentions': [], u'hashtags': [{u'indices': [28, 41], u'text': u'myfirstTweet'}], u'urls': []}, u'in_reply_to_screen_name': None, u'in_reply_to_user_id': None, u'retweet_count': 0, u'id_str': u'958702638308012033', u'favorited': False, u'user': {u'follow_request_sent': False, u'has_extended_profile': False, u'profile_use_background_image': True, u'default_profile_image': True, u'id': 891387302781386752, u'profile_background_image_url_https': None, u'verified': False, u'translator_type': u'none', u'profile_text_color': u'333333', u'profile_image_url_https': u'https://abs.twimg.com/sticky/default_profile_images/default_profile_normal.png', u'profile_sidebar_fill_color': u'DDEEF6', u'entities': {u'description': {u'urls': []}}, u'followers_count': 2, u'profile_sidebar_border_color': u'C0DEED', u'id_str': u'891387302781386752', u'profile_background_color': u'F5F8FA', u'listed_count': 0, u'is_translation_enabled': False, u'utc_offset': None, u'statuses_count': 1, u'description': u'', u'friends_count': 2, u'location': u'', u'profile_link_color': u'1DA1F2', u'profile_image_url': u'http://abs.twimg.com/sticky/default_profile_images/default_profile_normal.png', u'following': False, u'geo_enabled': False, u'profile_background_image_url': None, u'screen_name': u'dinomorea123', u'lang': u'en', u'profile_background_tile': False, u'favourites_count': 0, u'name': u'dinomorea123', u'notifications': False, u'url': None, u'created_at': u'Sat Jul 29 19:57:48 +0000 2017', u'contributors_enabled': False, u'time_zone': None, u'protected': False, u'default_profile': True, u'is_translator': False}, u'geo': None, u'in_reply_to_user_id_str': None, u'lang': u'en', u'created_at': u'Wed Jan 31 14:04:55 +0000 2018', u'in_reply_to_status_id_str': None, u'place': None}

2018-01-31 19:40:02.922745,891387302781386752,{u'contributors': None, u'truncated': False, u'text': u'Just setting up my Twitter. #myfirstTweet', u'is_quote_status': False, u'in_reply_to_status_id': None, u'id': 958702638308012033, u'favorite_count': 0, u'source': u'<a href="http://twitter.com" rel="nofollow">Twitter Web Client</a>', u'retweeted': False, u'coordinates': None, u'entities': {u'symbols': [], u'user_mentions': [], u'hashtags': [{u'indices': [28, 41], u'text': u'myfirstTweet'}], u'urls': []}, u'in_reply_to_screen_name': None, u'in_reply_to_user_id': None, u'retweet_count': 0, u'id_str': u'958702638308012033', u'favorited': False, u'user': {u'follow_request_sent': False, u'has_extended_profile': False, u'profile_use_background_image': True, u'default_profile_image': True, u'id': 891387302781386752, u'profile_background_image_url_https': None, u'verified': False, u'translator_type': u'none', u'profile_text_color': u'333333', u'profile_image_url_https': u'https://abs.twimg.com/sticky/default_profile_images/default_profile_normal.png', u'profile_sidebar_fill_color': u'DDEEF6', u'entities': {u'description': {u'urls': []}}, u'followers_count': 2, u'profile_sidebar_border_color': u'C0DEED', u'id_str': u'891387302781386752', u'profile_background_color': u'F5F8FA', u'listed_count': 0, u'is_translation_enabled': False, u'utc_offset': None, u'statuses_count': 1, u'description': u'', u'friends_count': 2, u'location': u'', u'profile_link_color': u'1DA1F2', u'profile_image_url': u'http://abs.twimg.com/sticky/default_profile_images/default_profile_normal.png', u'following': False, u'geo_enabled': False, u'profile_background_image_url': None, u'screen_name': u'dinomorea123', u'lang': u'en', u'profile_background_tile': False, u'favourites_count': 0, u'name': u'dinomorea123', u'notifications': False, u'url': None, u'created_at': u'Sat Jul 29 19:57:48 +0000 2017', u'contributors_enabled': False, u'time_zone': None, u'protected': False, u'default_profile': True, u'is_translator': False}, u'geo': None, u'in_reply_to_user_id_str': None, u'lang': u'en', u'created_at': u'Wed Jan 31 14:04:55 +0000 2018', u'in_reply_to_status_id_str': None, u'place': None}

2018-01-31 19:41:03.112746,891387302781386752,{u'contributors': None, u'truncated': False, u'text': u'Just setting up my Twitter. #myfirstTweet', u'is_quote_status': False, u'in_reply_to_status_id': None, u'id': 958702638308012033, u'favorite_count': 0, u'source': u'<a href="http://twitter.com" rel="nofollow">Twitter Web Client</a>', u'retweeted': False, u'coordinates': None, u'entities': {u'symbols': [], u'user_mentions': [], u'hashtags': [{u'indices': [28, 41], u'text': u'myfirstTweet'}], u'urls': []}, u'in_reply_to_screen_name': None, u'in_reply_to_user_id': None, u'retweet_count': 0, u'id_str': u'958702638308012033', u'favorited': False, u'user': {u'follow_request_sent': False, u'has_extended_profile': False, u'profile_use_background_image': True, u'default_profile_image': True, u'id': 891387302781386752, u'profile_background_image_url_https': None, u'verified': False, u'translator_type': u'none', u'profile_text_color': u'333333', u'profile_image_url_https': u'https://abs.twimg.com/sticky/default_profile_images/default_profile_normal.png', u'profile_sidebar_fill_color': u'DDEEF6', u'entities': {u'description': {u'urls': []}}, u'followers_count': 2, u'profile_sidebar_border_color': u'C0DEED', u'id_str': u'891387302781386752', u'profile_background_color': u'F5F8FA', u'listed_count': 0, u'is_translation_enabled': False, u'utc_offset': None, u'statuses_count': 1, u'description': u'', u'friends_count': 2, u'location': u'', u'profile_link_color': u'1DA1F2', u'profile_image_url': u'http://abs.twimg.com/sticky/default_profile_images/default_profile_normal.png', u'following': False, u'geo_enabled': False, u'profile_background_image_url': None, u'screen_name': u'dinomorea123', u'lang': u'en', u'profile_background_tile': False, u'favourites_count': 0, u'name': u'dinomorea123', u'notifications': False, u'url': None, u'created_at': u'Sat Jul 29 19:57:48 +0000 2017', u'contributors_enabled': False, u'time_zone': None, u'protected': False, u'default_profile': True, u'is_translator': False}, u'geo': None, u'in_reply_to_user_id_str': None, u'lang': u'en', u'created_at': u'Wed Jan 31 14:04:55 +0000 2018', u'in_reply_to_status_id_str': None, u'place': None}

2018-01-31 19:42:03.263400,891387302781386752,{u'contributors': None, u'truncated': False, u'text': u'Just setting up my Twitter. #myfirstTweet', u'is_quote_status': False, u'in_reply_to_status_id': None, u'id': 958702638308012033, u'favorite_count': 0, u'source': u'<a href="http://twitter.com" rel="nofollow">Twitter Web Client</a>', u'retweeted': False, u'coordinates': None, u'entities': {u'symbols': [], u'user_mentions': [], u'hashtags': [{u'indices': [28, 41], u'text': u'myfirstTweet'}], u'urls': []}, u'in_reply_to_screen_name': None, u'in_reply_to_user_id': None, u'retweet_count': 0, u'id_str': u'958702638308012033', u'favorited': False, u'user': {u'follow_request_sent': False, u'has_extended_profile': False, u'profile_use_background_image': True, u'default_profile_image': True, u'id': 891387302781386752, u'profile_background_image_url_https': None, u'verified': False, u'translator_type': u'none', u'profile_text_color': u'333333', u'profile_image_url_https': u'https://abs.twimg.com/sticky/default_profile_images/default_profile_normal.png', u'profile_sidebar_fill_color': u'DDEEF6', u'entities': {u'description': {u'urls': []}}, u'followers_count': 2, u'profile_sidebar_border_color': u'C0DEED', u'id_str': u'891387302781386752', u'profile_background_color': u'F5F8FA', u'listed_count': 0, u'is_translation_enabled': False, u'utc_offset': None, u'statuses_count': 1, u'description': u'', u'friends_count': 2, u'location': u'', u'profile_link_color': u'1DA1F2', u'profile_image_url': u'http://abs.twimg.com/sticky/default_profile_images/default_profile_normal.png', u'following': False, u'geo_enabled': False, u'profile_background_image_url': None, u'screen_name': u'dinomorea123', u'lang': u'en', u'profile_background_tile': False, u'favourites_count': 0, u'name': u'dinomorea123', u'notifications': False, u'url': None, u'created_at': u'Sat Jul 29 19:57:48 +0000 2017', u'contributors_enabled': False, u'time_zone': None, u'protected': False, u'default_profile': True, u'is_translator': False}, u'geo': None, u'in_reply_to_user_id_str': None, u'lang': u'en', u'created_at': u'Wed Jan 31 14:04:55 +0000 2018', u'in_reply_to_status_id_str': None, u'place': None}

2018-01-31 19:43:03.850305,891387302781386752,{u'contributors': None, u'truncated': False, u'text': u'Just setting up my Twitter. #myfirstTweet', u'is_quote_status': False, u'in_reply_to_status_id': None, u'id': 958702638308012033, u'favorite_count': 0, u'source': u'<a href="http://twitter.com" rel="nofollow">Twitter Web Client</a>', u'retweeted': False, u'coordinates': None, u'entities': {u'symbols': [], u'user_mentions': [], u'hashtags': [{u'indices': [28, 41], u'text': u'myfirstTweet'}], u'urls': []}, u'in_reply_to_screen_name': None, u'in_reply_to_user_id': None, u'retweet_count': 0, u'id_str': u'958702638308012033', u'favorited': False, u'user': {u'follow_request_sent': False, u'has_extended_profile': False, u'profile_use_background_image': True, u'default_profile_image': True, u'id': 891387302781386752, u'profile_background_image_url_https': None, u'verified': False, u'translator_type': u'none', u'profile_text_color': u'333333', u'profile_image_url_https': u'https://abs.twimg.com/sticky/default_profile_images/default_profile_normal.png', u'profile_sidebar_fill_color': u'DDEEF6', u'entities': {u'description': {u'urls': []}}, u'followers_count': 2, u'profile_sidebar_border_color': u'C0DEED', u'id_str': u'891387302781386752', u'profile_background_color': u'F5F8FA', u'listed_count': 0, u'is_translation_enabled': False, u'utc_offset': None, u'statuses_count': 1, u'description': u'', u'friends_count': 2, u'location': u'', u'profile_link_color': u'1DA1F2', u'profile_image_url': u'http://abs.twimg.com/sticky/default_profile_images/default_profile_normal.png', u'following': False, u'geo_enabled': False, u'profile_background_image_url': None, u'screen_name': u'dinomorea123', u'lang': u'en', u'profile_background_tile': False, u'favourites_count': 0, u'name': u'dinomorea123', u'notifications': False, u'url': None, u'created_at': u'Sat Jul 29 19:57:48 +0000 2017', u'contributors_enabled': False, u'time_zone': None, u'protected': False, u'default_profile': True, u'is_translator': False}, u'geo': None, u'in_reply_to_user_id_str': None, u'lang': u'en', u'created_at': u'Wed Jan 31 14:04:55 +0000 2018', u'in_reply_to_status_id_str': None, u'place': None}

2018-01-31 19:44:03.874631,891387302781386752,{u'contributors': None, u'truncated': False, u'text': u'Just setting up my Twitter. #myfirstTweet', u'is_quote_status': False, u'in_reply_to_status_id': None, u'id': 958702638308012033, u'favorite_count': 0, u'source': u'<a href="http://twitter.com" rel="nofollow">Twitter Web Client</a>', u'retweeted': False, u'coordinates': None, u'entities': {u'symbols': [], u'user_mentions': [], u'hashtags': [{u'indices': [28, 41], u'text': u'myfirstTweet'}], u'urls': []}, u'in_reply_to_screen_name': None, u'in_reply_to_user_id': None, u'retweet_count': 0, u'id_str': u'958702638308012033', u'favorited': False, u'user': {u'follow_request_sent': False, u'has_extended_profile': False, u'profile_use_background_image': True, u'default_profile_image': True, u'id': 891387302781386752, u'profile_background_image_url_https': None, u'verified': False, u'translator_type': u'none', u'profile_text_color': u'333333', u'profile_image_url_https': u'https://abs.twimg.com/sticky/default_profile_images/default_profile_normal.png', u'profile_sidebar_fill_color': u'DDEEF6', u'entities': {u'description': {u'urls': []}}, u'followers_count': 2, u'profile_sidebar_border_color': u'C0DEED', u'id_str': u'891387302781386752', u'profile_background_color': u'F5F8FA', u'listed_count': 0, u'is_translation_enabled': False, u'utc_offset': None, u'statuses_count': 1, u'description': u'', u'friends_count': 2, u'location': u'', u'profile_link_color': u'1DA1F2', u'profile_image_url': u'http://abs.twimg.com/sticky/default_profile_images/default_profile_normal.png', u'following': False, u'geo_enabled': False, u'profile_background_image_url': None, u'screen_name': u'dinomorea123', u'lang': u'en', u'profile_background_tile': False, u'favourites_count': 0, u'name': u'dinomorea123', u'notifications': False, u'url': None, u'created_at': u'Sat Jul 29 19:57:48 +0000 2017', u'contributors_enabled': False, u'time_zone': None, u'protected': False, u'default_profile': True, u'is_translator': False}, u'geo': None, u'in_reply_to_user_id_str': None, u'lang': u'en', u'created_at': u'Wed Jan 31 14:04:55 +0000 2018', u'in_reply_to_status_id_str': None, u'place': None}

2018-01-31 19:45:03.956768,891387302781386752,{u'contributors': None, u'truncated': False, u'text': u'Just setting up my Twitter. #myfirstTweet', u'is_quote_status': False, u'in_reply_to_status_id': None, u'id': 958702638308012033, u'favorite_count': 0, u'source': u'<a href="http://twitter.com" rel="nofollow">Twitter Web Client</a>', u'retweeted': False, u'coordinates': None, u'entities': {u'symbols': [], u'user_mentions': [], u'hashtags': [{u'indices': [28, 41], u'text': u'myfirstTweet'}], u'urls': []}, u'in_reply_to_screen_name': None, u'in_reply_to_user_id': None, u'retweet_count': 0, u'id_str': u'958702638308012033', u'favorited': False, u'user': {u'follow_request_sent': False, u'has_extended_profile': False, u'profile_use_background_image': True, u'default_profile_image': True, u'id': 891387302781386752, u'profile_background_image_url_https': None, u'verified': False, u'translator_type': u'none', u'profile_text_color': u'333333', u'profile_image_url_https': u'https://abs.twimg.com/sticky/default_profile_images/default_profile_normal.png', u'profile_sidebar_fill_color': u'DDEEF6', u'entities': {u'description': {u'urls': []}}, u'followers_count': 2, u'profile_sidebar_border_color': u'C0DEED', u'id_str': u'891387302781386752', u'profile_background_color': u'F5F8FA', u'listed_count': 0, u'is_translation_enabled': False, u'utc_offset': None, u'statuses_count': 1, u'description': u'', u'friends_count': 2, u'location': u'', u'profile_link_color': u'1DA1F2', u'profile_image_url': u'http://abs.twimg.com/sticky/default_profile_images/default_profile_normal.png', u'following': False, u'geo_enabled': False, u'profile_background_image_url': None, u'screen_name': u'dinomorea123', u'lang': u'en', u'profile_background_tile': False, u'favourites_count': 0, u'name': u'dinomorea123', u'notifications': False, u'url': None, u'created_at': u'Sat Jul 29 19:57:48 +0000 2017', u'contributors_enabled': False, u'time_zone': None, u'protected': False, u'default_profile': True, u'is_translator': False}, u'geo': None, u'in_reply_to_user_id_str': None, u'lang': u'en', u'created_at': u'Wed Jan 31 14:04:55 +0000 2018', u'in_reply_to_status_id_str': None, u'place': None}

2018-01-31 19:46:03.165786,891387302781386752,{u'contributors': None, u'truncated': False, u'text': u'Just setting up my Twitter. #myfirstTweet', u'is_quote_status': False, u'in_reply_to_status_id': None, u'id': 958702638308012033, u'favorite_count': 0, u'source': u'<a href="http://twitter.com" rel="nofollow">Twitter Web Client</a>', u'retweeted': False, u'coordinates': None, u'entities': {u'symbols': [], u'user_mentions': [], u'hashtags': [{u'indices': [28, 41], u'text': u'myfirstTweet'}], u'urls': []}, u'in_reply_to_screen_name': None, u'in_reply_to_user_id': None, u'retweet_count': 0, u'id_str': u'958702638308012033', u'favorited': False, u'user': {u'follow_request_sent': False, u'has_extended_profile': False, u'profile_use_background_image': True, u'default_profile_image': True, u'id': 891387302781386752, u'profile_background_image_url_https': None, u'verified': False, u'translator_type': u'none', u'profile_text_color': u'333333', u'profile_image_url_https': u'https://abs.twimg.com/sticky/default_profile_images/default_profile_normal.png', u'profile_sidebar_fill_color': u'DDEEF6', u'entities': {u'description': {u'urls': []}}, u'followers_count': 2, u'profile_sidebar_border_color': u'C0DEED', u'id_str': u'891387302781386752', u'profile_background_color': u'F5F8FA', u'listed_count': 0, u'is_translation_enabled': False, u'utc_offset': None, u'statuses_count': 1, u'description': u'', u'friends_count': 2, u'location': u'', u'profile_link_color': u'1DA1F2', u'profile_image_url': u'http://abs.twimg.com/sticky/default_profile_images/default_profile_normal.png', u'following': False, u'geo_enabled': False, u'profile_background_image_url': None, u'screen_name': u'dinomorea123', u'lang': u'en', u'profile_background_tile': False, u'favourites_count': 0, u'name': u'dinomorea123', u'notifications': False, u'url': None, u'created_at': u'Sat Jul 29 19:57:48 +0000 2017', u'contributors_enabled': False, u'time_zone': None, u'protected': False, u'default_profile': True, u'is_translator': False}, u'geo': None, u'in_reply_to_user_id_str': None, u'lang': u'en', u'created_at': u'Wed Jan 31 14:04:55 +0000 2018', u'in_reply_to_status_id_str': None, u'place': None}

2018-01-31 19:47:03.410336,891387302781386752,{u'contributors': None, u'truncated': False, u'text': u'Just setting up my Twitter. #myfirstTweet', u'is_quote_status': False, u'in_reply_to_status_id': None, u'id': 958702638308012033, u'favorite_count': 0, u'source': u'<a href="http://twitter.com" rel="nofollow">Twitter Web Client</a>', u'retweeted': False, u'coordinates': None, u'entities': {u'symbols': [], u'user_mentions': [], u'hashtags': [{u'indices': [28, 41], u'text': u'myfirstTweet'}], u'urls': []}, u'in_reply_to_screen_name': None, u'in_reply_to_user_id': None, u'retweet_count': 0, u'id_str': u'958702638308012033', u'favorited': False, u'user': {u'follow_request_sent': False, u'has_extended_profile': False, u'profile_use_background_image': True, u'default_profile_image': True, u'id': 891387302781386752, u'profile_background_image_url_https': None, u'verified': False, u'translator_type': u'none', u'profile_text_color': u'333333', u'profile_image_url_https': u'https://abs.twimg.com/sticky/default_profile_images/default_profile_normal.png', u'profile_sidebar_fill_color': u'DDEEF6', u'entities': {u'description': {u'urls': []}}, u'followers_count': 2, u'profile_sidebar_border_color': u'C0DEED', u'id_str': u'891387302781386752', u'profile_background_color': u'F5F8FA', u'listed_count': 0, u'is_translation_enabled': False, u'utc_offset': None, u'statuses_count': 1, u'description': u'', u'friends_count': 2, u'location': u'', u'profile_link_color': u'1DA1F2', u'profile_image_url': u'http://abs.twimg.com/sticky/default_profile_images/default_profile_normal.png', u'following': False, u'geo_enabled': False, u'profile_background_image_url': None, u'screen_name': u'dinomorea123', u'lang': u'en', u'profile_background_tile': False, u'favourites_count': 0, u'name': u'dinomorea123', u'notifications': False, u'url': None, u'created_at': u'Sat Jul 29 19:57:48 +0000 2017', u'contributors_enabled': False, u'time_zone': None, u'protected': False, u'default_profile': True, u'is_translator': False}, u'geo': None, u'in_reply_to_user_id_str': None, u'lang': u'en', u'created_at': u'Wed Jan 31 14:04:55 +0000 2018', u'in_reply_to_status_id_str': None, u'place': None}

2018-01-31 19:48:03.821409,891387302781386752,{u'contributors': None, u'truncated': False, u'text': u'Just setting up my Twitter. #myfirstTweet', u'is_quote_status': False, u'in_reply_to_status_id': None, u'id': 958702638308012033, u'favorite_count': 0, u'source': u'<a href="http://twitter.com" rel="nofollow">Twitter Web Client</a>', u'retweeted': False, u'coordinates': None, u'entities': {u'symbols': [], u'user_mentions': [], u'hashtags': [{u'indices': [28, 41], u'text': u'myfirstTweet'}], u'urls': []}, u'in_reply_to_screen_name': None, u'in_reply_to_user_id': None, u'retweet_count': 0, u'id_str': u'958702638308012033', u'favorited': False, u'user': {u'follow_request_sent': False, u'has_extended_profile': False, u'profile_use_background_image': True, u'default_profile_image': True, u'id': 891387302781386752, u'profile_background_image_url_https': None, u'verified': False, u'translator_type': u'none', u'profile_text_color': u'333333', u'profile_image_url_https': u'https://abs.twimg.com/sticky/default_profile_images/default_profile_normal.png', u'profile_sidebar_fill_color': u'DDEEF6', u'entities': {u'description': {u'urls': []}}, u'followers_count': 2, u'profile_sidebar_border_color': u'C0DEED', u'id_str': u'891387302781386752', u'profile_background_color': u'F5F8FA', u'listed_count': 0, u'is_translation_enabled': False, u'utc_offset': None, u'statuses_count': 1, u'description': u'', u'friends_count': 2, u'location': u'', u'profile_link_color': u'1DA1F2', u'profile_image_url': u'http://abs.twimg.com/sticky/default_profile_images/default_profile_normal.png', u'following': False, u'geo_enabled': False, u'profile_background_image_url': None, u'screen_name': u'dinomorea123', u'lang': u'en', u'profile_background_tile': False, u'favourites_count': 0, u'name': u'dinomorea123', u'notifications': False, u'url': None, u'created_at': u'Sat Jul 29 19:57:48 +0000 2017', u'contributors_enabled': False, u'time_zone': None, u'protected': False, u'default_profile': True, u'is_translator': False}, u'geo': None, u'in_reply_to_user_id_str': None, u'lang': u'en', u'created_at': u'Wed Jan 31 14:04:55 +0000 2018', u'in_reply_to_status_id_str': None, u'place': None}

2018-01-31 19:49:03.975977,891387302781386752,{u'contributors': None, u'truncated': False, u'text': u'Just setting up my Twitter. #myfirstTweet', u'is_quote_status': False, u'in_reply_to_status_id': None, u'id': 958702638308012033, u'favorite_count': 0, u'source': u'<a href="http://twitter.com" rel="nofollow">Twitter Web Client</a>', u'retweeted': False, u'coordinates': None, u'entities': {u'symbols': [], u'user_mentions': [], u'hashtags': [{u'indices': [28, 41], u'text': u'myfirstTweet'}], u'urls': []}, u'in_reply_to_screen_name': None, u'in_reply_to_user_id': None, u'retweet_count': 0, u'id_str': u'958702638308012033', u'favorited': False, u'user': {u'follow_request_sent': False, u'has_extended_profile': False, u'profile_use_background_image': True, u'default_profile_image': True, u'id': 891387302781386752, u'profile_background_image_url_https': None, u'verified': False, u'translator_type': u'none', u'profile_text_color': u'333333', u'profile_image_url_https': u'https://abs.twimg.com/sticky/default_profile_images/default_profile_normal.png', u'profile_sidebar_fill_color': u'DDEEF6', u'entities': {u'description': {u'urls': []}}, u'followers_count': 2, u'profile_sidebar_border_color': u'C0DEED', u'id_str': u'891387302781386752', u'profile_background_color': u'F5F8FA', u'listed_count': 0, u'is_translation_enabled': False, u'utc_offset': None, u'statuses_count': 1, u'description': u'', u'friends_count': 2, u'location': u'', u'profile_link_color': u'1DA1F2', u'profile_image_url': u'http://abs.twimg.com/sticky/default_profile_images/default_profile_normal.png', u'following': False, u'geo_enabled': False, u'profile_background_image_url': None, u'screen_name': u'dinomorea123', u'lang': u'en', u'profile_background_tile': False, u'favourites_count': 0, u'name': u'dinomorea123', u'notifications': False, u'url': None, u'created_at': u'Sat Jul 29 19:57:48 +0000 2017', u'contributors_enabled': False, u'time_zone': None, u'protected': False, u'default_profile': True, u'is_translator': False}, u'geo': None, u'in_reply_to_user_id_str': None, u'lang': u'en', u'created_at': u'Wed Jan 31 14:04:55 +0000 2018', u'in_reply_to_status_id_str': None, u'place': None}

2018-01-31 19:50:03.907666,891387302781386752,{u'contributors': None, u'truncated': False, u'text': u'Just setting up my Twitter. #myfirstTweet', u'is_quote_status': False, u'in_reply_to_status_id': None, u'id': 958702638308012033, u'favorite_count': 0, u'source': u'<a href="http://twitter.com" rel="nofollow">Twitter Web Client</a>', u'retweeted': False, u'coordinates': None, u'entities': {u'symbols': [], u'user_mentions': [], u'hashtags': [{u'indices': [28, 41], u'text': u'myfirstTweet'}], u'urls': []}, u'in_reply_to_screen_name': None, u'in_reply_to_user_id': None, u'retweet_count': 0, u'id_str': u'958702638308012033', u'favorited': False, u'user': {u'follow_request_sent': False, u'has_extended_profile': False, u'profile_use_background_image': True, u'default_profile_image': True, u'id': 891387302781386752, u'profile_background_image_url_https': None, u'verified': False, u'translator_type': u'none', u'profile_text_color': u'333333', u'profile_image_url_https': u'https://abs.twimg.com/sticky/default_profile_images/default_profile_normal.png', u'profile_sidebar_fill_color': u'DDEEF6', u'entities': {u'description': {u'urls': []}}, u'followers_count': 2, u'profile_sidebar_border_color': u'C0DEED', u'id_str': u'891387302781386752', u'profile_background_color': u'F5F8FA', u'listed_count': 0, u'is_translation_enabled': False, u'utc_offset': None, u'statuses_count': 1, u'description': u'', u'friends_count': 2, u'location': u'', u'profile_link_color': u'1DA1F2', u'profile_image_url': u'http://abs.twimg.com/sticky/default_profile_images/default_profile_normal.png', u'following': False, u'geo_enabled': False, u'profile_background_image_url': None, u'screen_name': u'dinomorea123', u'lang': u'en', u'profile_background_tile': False, u'favourites_count': 0, u'name': u'dinomorea123', u'notifications': False, u'url': None, u'created_at': u'Sat Jul 29 19:57:48 +0000 2017', u'contributors_enabled': False, u'time_zone': None, u'protected': False, u'default_profile': True, u'is_translator': False}, u'geo': None, u'in_reply_to_user_id_str': None, u'lang': u'en', u'created_at': u'Wed Jan 31 14:04:55 +0000 2018', u'in_reply_to_status_id_str': None, u'place': None}

2018-01-31 19:51:05.330760,891387302781386752,{u'contributors': None, u'truncated': False, u'text': u'Just setting up my Twitter. #myfirstTweet', u'is_quote_status': False, u'in_reply_to_status_id': None, u'id': 958702638308012033, u'favorite_count': 0, u'source': u'<a href="http://twitter.com" rel="nofollow">Twitter Web Client</a>', u'retweeted': False, u'coordinates': None, u'entities': {u'symbols': [], u'user_mentions': [], u'hashtags': [{u'indices': [28, 41], u'text': u'myfirstTweet'}], u'urls': []}, u'in_reply_to_screen_name': None, u'in_reply_to_user_id': None, u'retweet_count': 0, u'id_str': u'958702638308012033', u'favorited': False, u'user': {u'follow_request_sent': False, u'has_extended_profile': False, u'profile_use_background_image': True, u'default_profile_image': True, u'id': 891387302781386752, u'profile_background_image_url_https': None, u'verified': False, u'translator_type': u'none', u'profile_text_color': u'333333', u'profile_image_url_https': u'https://abs.twimg.com/sticky/default_profile_images/default_profile_normal.png', u'profile_sidebar_fill_color': u'DDEEF6', u'entities': {u'description': {u'urls': []}}, u'followers_count': 2, u'profile_sidebar_border_color': u'C0DEED', u'id_str': u'891387302781386752', u'profile_background_color': u'F5F8FA', u'listed_count': 0, u'is_translation_enabled': False, u'utc_offset': None, u'statuses_count': 1, u'description': u'', u'friends_count': 2, u'location': u'', u'profile_link_color': u'1DA1F2', u'profile_image_url': u'http://abs.twimg.com/sticky/default_profile_images/default_profile_normal.png', u'following': False, u'geo_enabled': False, u'profile_background_image_url': None, u'screen_name': u'dinomorea123', u'lang': u'en', u'profile_background_tile': False, u'favourites_count': 0, u'name': u'dinomorea123', u'notifications': False, u'url': None, u'created_at': u'Sat Jul 29 19:57:48 +0000 2017', u'contributors_enabled': False, u'time_zone': None, u'protected': False, u'default_profile': True, u'is_translator': False}, u'geo': None, u'in_reply_to_user_id_str': None, u'lang': u'en', u'created_at': u'Wed Jan 31 14:04:55 +0000 2018', u'in_reply_to_status_id_str': None, u'place': None}

2018-01-31 19:52:03.838009,891387302781386752,{u'contributors': None, u'truncated': False, u'text': u'Just setting up my Twitter. #myfirstTweet', u'is_quote_status': False, u'in_reply_to_status_id': None, u'id': 958702638308012033, u'favorite_count': 0, u'source': u'<a href="http://twitter.com" rel="nofollow">Twitter Web Client</a>', u'retweeted': False, u'coordinates': None, u'entities': {u'symbols': [], u'user_mentions': [], u'hashtags': [{u'indices': [28, 41], u'text': u'myfirstTweet'}], u'urls': []}, u'in_reply_to_screen_name': None, u'in_reply_to_user_id': None, u'retweet_count': 0, u'id_str': u'958702638308012033', u'favorited': False, u'user': {u'follow_request_sent': False, u'has_extended_profile': False, u'profile_use_background_image': True, u'default_profile_image': True, u'id': 891387302781386752, u'profile_background_image_url_https': None, u'verified': False, u'translator_type': u'none', u'profile_text_color': u'333333', u'profile_image_url_https': u'https://abs.twimg.com/sticky/default_profile_images/default_profile_normal.png', u'profile_sidebar_fill_color': u'DDEEF6', u'entities': {u'description': {u'urls': []}}, u'followers_count': 2, u'profile_sidebar_border_color': u'C0DEED', u'id_str': u'891387302781386752', u'profile_background_color': u'F5F8FA', u'listed_count': 0, u'is_translation_enabled': False, u'utc_offset': None, u'statuses_count': 1, u'description': u'', u'friends_count': 2, u'location': u'', u'profile_link_color': u'1DA1F2', u'profile_image_url': u'http://abs.twimg.com/sticky/default_profile_images/default_profile_normal.png', u'following': False, u'geo_enabled': False, u'profile_background_image_url': None, u'screen_name': u'dinomorea123', u'lang': u'en', u'profile_background_tile': False, u'favourites_count': 0, u'name': u'dinomorea123', u'notifications': False, u'url': None, u'created_at': u'Sat Jul 29 19:57:48 +0000 2017', u'contributors_enabled': False, u'time_zone': None, u'protected': False, u'default_profile': True, u'is_translator': False}, u'geo': None, u'in_reply_to_user_id_str': None, u'lang': u'en', u'created_at': u'Wed Jan 31 14:04:55 +0000 2018', u'in_reply_to_status_id_str': None, u'place': None}

2018-01-31 19:53:03.839798,891387302781386752,{u'contributors': None, u'truncated': False, u'text': u'Just setting up my Twitter. #myfirstTweet', u'is_quote_status': False, u'in_reply_to_status_id': None, u'id': 958702638308012033, u'favorite_count': 0, u'source': u'<a href="http://twitter.com" rel="nofollow">Twitter Web Client</a>', u'retweeted': False, u'coordinates': None, u'entities': {u'symbols': [], u'user_mentions': [], u'hashtags': [{u'indices': [28, 41], u'text': u'myfirstTweet'}], u'urls': []}, u'in_reply_to_screen_name': None, u'in_reply_to_user_id': None, u'retweet_count': 0, u'id_str': u'958702638308012033', u'favorited': False, u'user': {u'follow_request_sent': False, u'has_extended_profile': False, u'profile_use_background_image': True, u'default_profile_image': True, u'id': 891387302781386752, u'profile_background_image_url_https': None, u'verified': False, u'translator_type': u'none', u'profile_text_color': u'333333', u'profile_image_url_https': u'https://abs.twimg.com/sticky/default_profile_images/default_profile_normal.png', u'profile_sidebar_fill_color': u'DDEEF6', u'entities': {u'description': {u'urls': []}}, u'followers_count': 2, u'profile_sidebar_border_color': u'C0DEED', u'id_str': u'891387302781386752', u'profile_background_color': u'F5F8FA', u'listed_count': 0, u'is_translation_enabled': False, u'utc_offset': None, u'statuses_count': 1, u'description': u'', u'friends_count': 2, u'location': u'', u'profile_link_color': u'1DA1F2', u'profile_image_url': u'http://abs.twimg.com/sticky/default_profile_images/default_profile_normal.png', u'following': False, u'geo_enabled': False, u'profile_background_image_url': None, u'screen_name': u'dinomorea123', u'lang': u'en', u'profile_background_tile': False, u'favourites_count': 0, u'name': u'dinomorea123', u'notifications': False, u'url': None, u'created_at': u'Sat Jul 29 19:57:48 +0000 2017', u'contributors_enabled': False, u'time_zone': None, u'protected': False, u'default_profile': True, u'is_translator': False}, u'geo': None, u'in_reply_to_user_id_str': None, u'lang': u'en', u'created_at': u'Wed Jan 31 14:04:55 +0000 2018', u'in_reply_to_status_id_str': None, u'place': None}

2018-01-31 19:54:03.765873,891387302781386752,{u'contributors': None, u'truncated': False, u'text': u'Just setting up my Twitter. #myfirstTweet', u'is_quote_status': False, u'in_reply_to_status_id': None, u'id': 958702638308012033, u'favorite_count': 0, u'source': u'<a href="http://twitter.com" rel="nofollow">Twitter Web Client</a>', u'retweeted': False, u'coordinates': None, u'entities': {u'symbols': [], u'user_mentions': [], u'hashtags': [{u'indices': [28, 41], u'text': u'myfirstTweet'}], u'urls': []}, u'in_reply_to_screen_name': None, u'in_reply_to_user_id': None, u'retweet_count': 0, u'id_str': u'958702638308012033', u'favorited': False, u'user': {u'follow_request_sent': False, u'has_extended_profile': False, u'profile_use_background_image': True, u'default_profile_image': True, u'id': 891387302781386752, u'profile_background_image_url_https': None, u'verified': False, u'translator_type': u'none', u'profile_text_color': u'333333', u'profile_image_url_https': u'https://abs.twimg.com/sticky/default_profile_images/default_profile_normal.png', u'profile_sidebar_fill_color': u'DDEEF6', u'entities': {u'description': {u'urls': []}}, u'followers_count': 2, u'profile_sidebar_border_color': u'C0DEED', u'id_str': u'891387302781386752', u'profile_background_color': u'F5F8FA', u'listed_count': 0, u'is_translation_enabled': False, u'utc_offset': None, u'statuses_count': 1, u'description': u'', u'friends_count': 2, u'location': u'', u'profile_link_color': u'1DA1F2', u'profile_image_url': u'http://abs.twimg.com/sticky/default_profile_images/default_profile_normal.png', u'following': False, u'geo_enabled': False, u'profile_background_image_url': None, u'screen_name': u'dinomorea123', u'lang': u'en', u'profile_background_tile': False, u'favourites_count': 0, u'name': u'dinomorea123', u'notifications': False, u'url': None, u'created_at': u'Sat Jul 29 19:57:48 +0000 2017', u'contributors_enabled': False, u'time_zone': None, u'protected': False, u'default_profile': True, u'is_translator': False}, u'geo': None, u'in_reply_to_user_id_str': None, u'lang': u'en', u'created_at': u'Wed Jan 31 14:04:55 +0000 2018', u'in_reply_to_status_id_str': None, u'place': None}

2018-01-31 19:55:03.904623,891387302781386752,{u'contributors': None, u'truncated': False, u'text': u'Just setting up my Twitter. #myfirstTweet', u'is_quote_status': False, u'in_reply_to_status_id': None, u'id': 958702638308012033, u'favorite_count': 0, u'source': u'<a href="http://twitter.com" rel="nofollow">Twitter Web Client</a>', u'retweeted': False, u'coordinates': None, u'entities': {u'symbols': [], u'user_mentions': [], u'hashtags': [{u'indices': [28, 41], u'text': u'myfirstTweet'}], u'urls': []}, u'in_reply_to_screen_name': None, u'in_reply_to_user_id': None, u'retweet_count': 0, u'id_str': u'958702638308012033', u'favorited': False, u'user': {u'follow_request_sent': False, u'has_extended_profile': False, u'profile_use_background_image': True, u'default_profile_image': True, u'id': 891387302781386752, u'profile_background_image_url_https': None, u'verified': False, u'translator_type': u'none', u'profile_text_color': u'333333', u'profile_image_url_https': u'https://abs.twimg.com/sticky/default_profile_images/default_profile_normal.png', u'profile_sidebar_fill_color': u'DDEEF6', u'entities': {u'description': {u'urls': []}}, u'followers_count': 2, u'profile_sidebar_border_color': u'C0DEED', u'id_str': u'891387302781386752', u'profile_background_color': u'F5F8FA', u'listed_count': 0, u'is_translation_enabled': False, u'utc_offset': None, u'statuses_count': 1, u'description': u'', u'friends_count': 2, u'location': u'', u'profile_link_color': u'1DA1F2', u'profile_image_url': u'http://abs.twimg.com/sticky/default_profile_images/default_profile_normal.png', u'following': False, u'geo_enabled': False, u'profile_background_image_url': None, u'screen_name': u'dinomorea123', u'lang': u'en', u'profile_background_tile': False, u'favourites_count': 0, u'name': u'dinomorea123', u'notifications': False, u'url': None, u'created_at': u'Sat Jul 29 19:57:48 +0000 2017', u'contributors_enabled': False, u'time_zone': None, u'protected': False, u'default_profile': True, u'is_translator': False}, u'geo': None, u'in_reply_to_user_id_str': None, u'lang': u'en', u'created_at': u'Wed Jan 31 14:04:55 +0000 2018', u'in_reply_to_status_id_str': None, u'place': None}

2018-01-31 19:56:03.263461,891387302781386752,{u'contributors': None, u'truncated': False, u'text': u'Just setting up my Twitter. #myfirstTweet', u'is_quote_status': False, u'in_reply_to_status_id': None, u'id': 958702638308012033, u'favorite_count': 0, u'source': u'<a href="http://twitter.com" rel="nofollow">Twitter Web Client</a>', u'retweeted': False, u'coordinates': None, u'entities': {u'symbols': [], u'user_mentions': [], u'hashtags': [{u'indices': [28, 41], u'text': u'myfirstTweet'}], u'urls': []}, u'in_reply_to_screen_name': None, u'in_reply_to_user_id': None, u'retweet_count': 0, u'id_str': u'958702638308012033', u'favorited': False, u'user': {u'follow_request_sent': False, u'has_extended_profile': False, u'profile_use_background_image': True, u'default_profile_image': True, u'id': 891387302781386752, u'profile_background_image_url_https': None, u'verified': False, u'translator_type': u'none', u'profile_text_color': u'333333', u'profile_image_url_https': u'https://abs.twimg.com/sticky/default_profile_images/default_profile_normal.png', u'profile_sidebar_fill_color': u'DDEEF6', u'entities': {u'description': {u'urls': []}}, u'followers_count': 2, u'profile_sidebar_border_color': u'C0DEED', u'id_str': u'891387302781386752', u'profile_background_color': u'F5F8FA', u'listed_count': 0, u'is_translation_enabled': False, u'utc_offset': None, u'statuses_count': 1, u'description': u'', u'friends_count': 2, u'location': u'', u'profile_link_color': u'1DA1F2', u'profile_image_url': u'http://abs.twimg.com/sticky/default_profile_images/default_profile_normal.png', u'following': False, u'geo_enabled': False, u'profile_background_image_url': None, u'screen_name': u'dinomorea123', u'lang': u'en', u'profile_background_tile': False, u'favourites_count': 0, u'name': u'dinomorea123', u'notifications': False, u'url': None, u'created_at': u'Sat Jul 29 19:57:48 +0000 2017', u'contributors_enabled': False, u'time_zone': None, u'protected': False, u'default_profile': True, u'is_translator': False}, u'geo': None, u'in_reply_to_user_id_str': None, u'lang': u'en', u'created_at': u'Wed Jan 31 14:04:55 +0000 2018', u'in_reply_to_status_id_str': None, u'place': None}

2018-01-31 19:57:03.958623,891387302781386752,{u'contributors': None, u'truncated': False, u'text': u'Just setting up my Twitter. #myfirstTweet', u'is_quote_status': False, u'in_reply_to_status_id': None, u'id': 958702638308012033, u'favorite_count': 0, u'source': u'<a href="http://twitter.com" rel="nofollow">Twitter Web Client</a>', u'retweeted': False, u'coordinates': None, u'entities': {u'symbols': [], u'user_mentions': [], u'hashtags': [{u'indices': [28, 41], u'text': u'myfirstTweet'}], u'urls': []}, u'in_reply_to_screen_name': None, u'in_reply_to_user_id': None, u'retweet_count': 0, u'id_str': u'958702638308012033', u'favorited': False, u'user': {u'follow_request_sent': False, u'has_extended_profile': False, u'profile_use_background_image': True, u'default_profile_image': True, u'id': 891387302781386752, u'profile_background_image_url_https': None, u'verified': False, u'translator_type': u'none', u'profile_text_color': u'333333', u'profile_image_url_https': u'https://abs.twimg.com/sticky/default_profile_images/default_profile_normal.png', u'profile_sidebar_fill_color': u'DDEEF6', u'entities': {u'description': {u'urls': []}}, u'followers_count': 2, u'profile_sidebar_border_color': u'C0DEED', u'id_str': u'891387302781386752', u'profile_background_color': u'F5F8FA', u'listed_count': 0, u'is_translation_enabled': False, u'utc_offset': None, u'statuses_count': 1, u'description': u'', u'friends_count': 2, u'location': u'', u'profile_link_color': u'1DA1F2', u'profile_image_url': u'http://abs.twimg.com/sticky/default_profile_images/default_profile_normal.png', u'following': False, u'geo_enabled': False, u'profile_background_image_url': None, u'screen_name': u'dinomorea123', u'lang': u'en', u'profile_background_tile': False, u'favourites_count': 0, u'name': u'dinomorea123', u'notifications': False, u'url': None, u'created_at': u'Sat Jul 29 19:57:48 +0000 2017', u'contributors_enabled': False, u'time_zone': None, u'protected': False, u'default_profile': True, u'is_translator': False}, u'geo': None, u'in_reply_to_user_id_str': None, u'lang': u'en', u'created_at': u'Wed Jan 31 14:04:55 +0000 2018', u'in_reply_to_status_id_str': None, u'place': None}

2018-01-31 19:58:04.358265,891387302781386752,{u'contributors': None, u'truncated': False, u'text': u'Just setting up my Twitter. #myfirstTweet', u'is_quote_status': False, u'in_reply_to_status_id': None, u'id': 958702638308012033, u'favorite_count': 0, u'source': u'<a href="http://twitter.com" rel="nofollow">Twitter Web Client</a>', u'retweeted': False, u'coordinates': None, u'entities': {u'symbols': [], u'user_mentions': [], u'hashtags': [{u'indices': [28, 41], u'text': u'myfirstTweet'}], u'urls': []}, u'in_reply_to_screen_name': None, u'in_reply_to_user_id': None, u'retweet_count': 0, u'id_str': u'958702638308012033', u'favorited': False, u'user': {u'follow_request_sent': False, u'has_extended_profile': False, u'profile_use_background_image': True, u'default_profile_image': True, u'id': 891387302781386752, u'profile_background_image_url_https': None, u'verified': False, u'translator_type': u'none', u'profile_text_color': u'333333', u'profile_image_url_https': u'https://abs.twimg.com/sticky/default_profile_images/default_profile_normal.png', u'profile_sidebar_fill_color': u'DDEEF6', u'entities': {u'description': {u'urls': []}}, u'followers_count': 2, u'profile_sidebar_border_color': u'C0DEED', u'id_str': u'891387302781386752', u'profile_background_color': u'F5F8FA', u'listed_count': 0, u'is_translation_enabled': False, u'utc_offset': None, u'statuses_count': 1, u'description': u'', u'friends_count': 2, u'location': u'', u'profile_link_color': u'1DA1F2', u'profile_image_url': u'http://abs.twimg.com/sticky/default_profile_images/default_profile_normal.png', u'following': False, u'geo_enabled': False, u'profile_background_image_url': None, u'screen_name': u'dinomorea123', u'lang': u'en', u'profile_background_tile': False, u'favourites_count': 0, u'name': u'dinomorea123', u'notifications': False, u'url': None, u'created_at': u'Sat Jul 29 19:57:48 +0000 2017', u'contributors_enabled': False, u'time_zone': None, u'protected': False, u'default_profile': True, u'is_translator': False}, u'geo': None, u'in_reply_to_user_id_str': None, u'lang': u'en', u'created_at': u'Wed Jan 31 14:04:55 +0000 2018', u'in_reply_to_status_id_str': None, u'place': None}

2018-01-31 19:59:03.476029,891387302781386752,{u'contributors': None, u'truncated': False, u'text': u'Just setting up my Twitter. #myfirstTweet', u'is_quote_status': False, u'in_reply_to_status_id': None, u'id': 958702638308012033, u'favorite_count': 0, u'source': u'<a href="http://twitter.com" rel="nofollow">Twitter Web Client</a>', u'retweeted': False, u'coordinates': None, u'entities': {u'symbols': [], u'user_mentions': [], u'hashtags': [{u'indices': [28, 41], u'text': u'myfirstTweet'}], u'urls': []}, u'in_reply_to_screen_name': None, u'in_reply_to_user_id': None, u'retweet_count': 0, u'id_str': u'958702638308012033', u'favorited': False, u'user': {u'follow_request_sent': False, u'has_extended_profile': False, u'profile_use_background_image': True, u'default_profile_image': True, u'id': 891387302781386752, u'profile_background_image_url_https': None, u'verified': False, u'translator_type': u'none', u'profile_text_color': u'333333', u'profile_image_url_https': u'https://abs.twimg.com/sticky/default_profile_images/default_profile_normal.png', u'profile_sidebar_fill_color': u'DDEEF6', u'entities': {u'description': {u'urls': []}}, u'followers_count': 2, u'profile_sidebar_border_color': u'C0DEED', u'id_str': u'891387302781386752', u'profile_background_color': u'F5F8FA', u'listed_count': 0, u'is_translation_enabled': False, u'utc_offset': None, u'statuses_count': 1, u'description': u'', u'friends_count': 2, u'location': u'', u'profile_link_color': u'1DA1F2', u'profile_image_url': u'http://abs.twimg.com/sticky/default_profile_images/default_profile_normal.png', u'following': False, u'geo_enabled': False, u'profile_background_image_url': None, u'screen_name': u'dinomorea123', u'lang': u'en', u'profile_background_tile': False, u'favourites_count': 0, u'name': u'dinomorea123', u'notifications': False, u'url': None, u'created_at': u'Sat Jul 29 19:57:48 +0000 2017', u'contributors_enabled': False, u'time_zone': None, u'protected': False, u'default_profile': True, u'is_translator': False}, u'geo': None, u'in_reply_to_user_id_str': None, u'lang': u'en', u'created_at': u'Wed Jan 31 14:04:55 +0000 2018', u'in_reply_to_status_id_str': None, u'place': None}

2018-01-31 20:00:03.759868,891387302781386752,{u'contributors': None, u'truncated': False, u'text': u'Just setting up my Twitter. #myfirstTweet', u'is_quote_status': False, u'in_reply_to_status_id': None, u'id': 958702638308012033, u'favorite_count': 0, u'source': u'<a href="http://twitter.com" rel="nofollow">Twitter Web Client</a>', u'retweeted': False, u'coordinates': None, u'entities': {u'symbols': [], u'user_mentions': [], u'hashtags': [{u'indices': [28, 41], u'text': u'myfirstTweet'}], u'urls': []}, u'in_reply_to_screen_name': None, u'in_reply_to_user_id': None, u'retweet_count': 0, u'id_str': u'958702638308012033', u'favorited': False, u'user': {u'follow_request_sent': False, u'has_extended_profile': False, u'profile_use_background_image': True, u'default_profile_image': True, u'id': 891387302781386752, u'profile_background_image_url_https': None, u'verified': False, u'translator_type': u'none', u'profile_text_color': u'333333', u'profile_image_url_https': u'https://abs.twimg.com/sticky/default_profile_images/default_profile_normal.png', u'profile_sidebar_fill_color': u'DDEEF6', u'entities': {u'description': {u'urls': []}}, u'followers_count': 2, u'profile_sidebar_border_color': u'C0DEED', u'id_str': u'891387302781386752', u'profile_background_color': u'F5F8FA', u'listed_count': 0, u'is_translation_enabled': False, u'utc_offset': None, u'statuses_count': 1, u'description': u'', u'friends_count': 2, u'location': u'', u'profile_link_color': u'1DA1F2', u'profile_image_url': u'http://abs.twimg.com/sticky/default_profile_images/default_profile_normal.png', u'following': False, u'geo_enabled': False, u'profile_background_image_url': None, u'screen_name': u'dinomorea123', u'lang': u'en', u'profile_background_tile': False, u'favourites_count': 0, u'name': u'dinomorea123', u'notifications': False, u'url': None, u'created_at': u'Sat Jul 29 19:57:48 +0000 2017', u'contributors_enabled': False, u'time_zone': None, u'protected': False, u'default_profile': True, u'is_translator': False}, u'geo': None, u'in_reply_to_user_id_str': None, u'lang': u'en', u'created_at': u'Wed Jan 31 14:04:55 +0000 2018', u'in_reply_to_status_id_str': None, u'place': None}

